"Parameter","Access","Layer","Source"
"AIM9_LOCK_RANGE","Write","Lua","Cockpit/Scripts/Systems/radar_state_system.lua"
"AIM9_MISSILE_COUNT","Write","Lua","Cockpit/Scripts/Systems/cms_system.lua"
"AIM9_MISSILE_COUNT","Read","Lua","Cockpit/Scripts/Systems/hmcs_system.lua"
"AIM9_MISSILE_COUNT","ReadWrite","Lua","Cockpit/Scripts/Systems/radar_state_system.lua"
"AIM9_MISSILE_COUNT","Write","Lua","Cockpit/Scripts/Systems/weapon_system.lua"
"AIM9_MISSILE_STATUS","Write","Lua","Cockpit/Scripts/Systems/cms_system.lua"
"AIM9_MISSILE_STATUS","Read","Lua","Cockpit/Scripts/Systems/hmcs_system.lua"
"AIM9_MISSILE_STATUS","ReadWrite","Lua","Cockpit/Scripts/Systems/radar_state_system.lua"
"AIM9_SEEKER_AZIMUTH","Write","Lua","Cockpit/Scripts/Systems/radar_state_system.lua"
"AIM9_SEEKER_CONTACT","Read","Lua","Cockpit/Scripts/Systems/hmcs_system.lua"
"AIM9_SEEKER_CONTACT","Write","Lua","Cockpit/Scripts/Systems/radar_state_system.lua"
"AIM9_SEEKER_ELEVATION","Write","Lua","Cockpit/Scripts/Systems/radar_state_system.lua"
"AIM9_SEEKER_LOCK","Read","Lua","Cockpit/Scripts/Systems/hmcs_system.lua"
"AIM9_SEEKER_LOCK","Write","Lua","Cockpit/Scripts/Systems/radar_state_system.lua"
"AIM9_SEEKER_STATE","Write","Lua","Cockpit/Scripts/Systems/radar_state_system.lua"
"AIM9_TARGET_DESIGNATED","Write","Lua","Cockpit/Scripts/Systems/cms_system.lua"
"AIM9_TARGET_DESIGNATED","Read","Lua","Cockpit/Scripts/Systems/radar_state_system.lua"
"AIM9_TONE_STATE","ReadWrite","Lua","Cockpit/Scripts/Systems/aam_audio_system.lua"
"AIM9_TONE_STATE","Read","Lua","Cockpit/Scripts/Systems/cms_system.lua"
"AIM9_TONE_STATE","Write","Lua","Cockpit/Scripts/Systems/radar_state_system.lua"
"AIM9_UNCAGE_HELD","Write","Lua","Cockpit/Scripts/Systems/cms_system.lua"
"AIM9_UNCAGE_HELD","Read","Lua","Cockpit/Scripts/Systems/hmcs_system.lua"
"AIM9_UNCAGE_HELD","Read","Lua","Cockpit/Scripts/Systems/radar_state_system.lua"
"AIM9_WEAPON_ACTIVE","Write","Lua","Cockpit/Scripts/Systems/aam_audio_system.lua"
"AIM9_WEAPON_ACTIVE","Write","Lua","Cockpit/Scripts/Systems/radar_state_system.lua"
"AP_AT_ENGAGED","Read","C++","src/efm/F-CK-1C_EFM/DcsBridge/Internal/CockpitBridge.cpp"
"AP_AT_ENGAGED","Write","Lua","Cockpit/Scripts/Systems/autopilot_system.lua"
"AP_BYPASS_ACTIVE","Read","C++","src/efm/F-CK-1C_EFM/DcsBridge/Internal/CockpitBridge.cpp"
"AP_BYPASS_ACTIVE","Write","Lua","Cockpit/Scripts/Systems/autopilot_system.lua"
"AP_LAT_MODE","Write","Lua","Cockpit/Scripts/Systems/autopilot_system.lua"
"AP_MASTER_ENGAGED","Read","C++","src/efm/F-CK-1C_EFM/DcsBridge/Internal/CockpitBridge.cpp"
"AP_MASTER_ENGAGED","Write","Lua","Cockpit/Scripts/Systems/autopilot_system.lua"
"AP_PITCH_CMD","Read","C++","src/efm/F-CK-1C_EFM/DcsBridge/Internal/CockpitBridge.cpp"
"AP_PITCH_CMD","Write","Lua","Cockpit/Scripts/Systems/autopilot_system.lua"
"AP_ROLL_CMD","Read","C++","src/efm/F-CK-1C_EFM/DcsBridge/Internal/CockpitBridge.cpp"
"AP_ROLL_CMD","Write","Lua","Cockpit/Scripts/Systems/autopilot_system.lua"
"AP_TARGET_ALT_FT","Write","Lua","Cockpit/Scripts/Systems/autopilot_system.lua"
"AP_TARGET_HDG_DEG","Write","Lua","Cockpit/Scripts/Systems/autopilot_system.lua"
"AP_TARGET_PITCH_DEG","Write","Lua","Cockpit/Scripts/Systems/autopilot_system.lua"
"AP_TARGET_SPD_KTS","Write","Lua","Cockpit/Scripts/Systems/autopilot_system.lua"
"AP_TARGET_VS_FPM","Write","Lua","Cockpit/Scripts/Systems/autopilot_system.lua"
"AP_THROTTLE_CMD","Read","C++","src/efm/F-CK-1C_EFM/DcsBridge/Internal/CockpitBridge.cpp"
"AP_THROTTLE_CMD","Write","Lua","Cockpit/Scripts/Systems/autopilot_system.lua"
"AP_VERT_MODE","Write","Lua","Cockpit/Scripts/Systems/autopilot_system.lua"
"FM_MAXPOWER_READY","Read","C++","src/efm/F-CK-1C_EFM/DcsBridge/Internal/CockpitBridge.cpp"
"FM_MAXPOWER_READY","Write","Lua","Cockpit/Scripts/Systems/autopilot_system.lua"
"FM_MAXPOWER_SWITCH","Read","C++","src/efm/F-CK-1C_EFM/DcsBridge/Internal/CockpitBridge.cpp"
"FM_MAXPOWER_SWITCH","ReadWrite","Lua","Cockpit/Scripts/Systems/autopilot_system.lua"
"FM_TEMPERATURE_C","Write","C++","src/efm/F-CK-1C_EFM/DcsBridge/Internal/CockpitBridge.cpp"
"HMCS_AAM_SUBMODE","PresentationRead","Lua","Cockpit/Scripts/HMCS/HMCS_page.lua"
"HMCS_AAM_SUBMODE","Write","Lua","Cockpit/Scripts/Systems/cms_system.lua"
"HMCS_ALT_FT","PresentationRead","Lua","Cockpit/Scripts/HMCS/HMCS_page.lua"
"HMCS_ALT_FT","Write","Lua","Cockpit/Scripts/Systems/hmcs_system.lua"
"HMCS_DISPLAY_MODE","PresentationRead","Lua","Cockpit/Scripts/HMCS/HMCS_page.lua"
"HMCS_DISPLAY_MODE","PresentationRead","Lua","Cockpit/Scripts/HMCS/HMCS_VR_page.lua"
"HMCS_DISPLAY_MODE","Write","Lua","Cockpit/Scripts/Systems/hmcs_system.lua"
"HMCS_DOGFIGHT_MODE","Write","Lua","Cockpit/Scripts/Systems/cms_system.lua"
"HMCS_DOGFIGHT_MODE","ReadWrite","Lua","Cockpit/Scripts/Systems/hmcs_system.lua"
"HMCS_ENABLED","PresentationRead","Lua","Cockpit/Scripts/HMCS/HMCS_page.lua"
"HMCS_ENABLED","PresentationRead","Lua","Cockpit/Scripts/HMCS/HMCS_VR_page.lua"
"HMCS_ENABLED","Write","Lua","Cockpit/Scripts/Systems/hmcs_system.lua"
"HMCS_FC_MODE","PresentationRead","Lua","Cockpit/Scripts/HMCS/HMCS_page.lua"
"HMCS_FC_MODE","Write","Lua","Cockpit/Scripts/Systems/cms_system.lua"
"HMCS_FC_MODE","Read","Lua","Cockpit/Scripts/Systems/hmcs_system.lua"
"HMCS_FC_MODE","Read","Lua","Cockpit/Scripts/Systems/radar_state_system.lua"
"HMCS_FC_MODE","Read","Lua","Cockpit/Scripts/Systems/weapon_system.lua"
"HMCS_GUN_FIRING","Write","Lua","Cockpit/Scripts/Systems/cms_system.lua"
"HMCS_GUN_FIRING","Read","Lua","Cockpit/Scripts/Systems/hmcs_system.lua"
"HMCS_HDG_DEG","PresentationRead","Lua","Cockpit/Scripts/HMCS/HMCS_page.lua"
"HMCS_HDG_DEG","Write","Lua","Cockpit/Scripts/Systems/hmcs_system.lua"
"HMCS_HDG_MINOR_OFFSET","PresentationRead","Lua","Cockpit/Scripts/HMCS/HMCS_page.lua"
"HMCS_HDG_MINOR_OFFSET","Write","Lua","Cockpit/Scripts/Systems/hmcs_system.lua"
"HMCS_HDG_SLOT_LABEL_*","PresentationRead","Lua","Cockpit/Scripts/HMCS/HMCS_page.lua"
"HMCS_HDG_SLOT_LABEL_*","Write","Lua","Cockpit/Scripts/Systems/hmcs_system.lua"
"HMCS_HDG_SLOT_TICK_*","PresentationRead","Lua","Cockpit/Scripts/HMCS/HMCS_page.lua"
"HMCS_HDG_SLOT_TICK_*","Write","Lua","Cockpit/Scripts/Systems/hmcs_system.lua"
"HMCS_IAS_KTS","PresentationRead","Lua","Cockpit/Scripts/HMCS/HMCS_page.lua"
"HMCS_IAS_KTS","Write","Lua","Cockpit/Scripts/Systems/hmcs_system.lua"
"HMCS_MASTER_MODE","PresentationRead","Lua","Cockpit/Scripts/HMCS/HMCS_page.lua"
"HMCS_MASTER_MODE","Write","Lua","Cockpit/Scripts/Systems/cms_system.lua"
"HMCS_MASTER_MODE","ReadWrite","Lua","Cockpit/Scripts/Systems/hmcs_system.lua"
"HMCS_WEAPON_CLASS","PresentationRead","Lua","Cockpit/Scripts/HMCS/HMCS_page.lua"
"HMCS_WEAPON_CLASS","Write","Lua","Cockpit/Scripts/Systems/hmcs_system.lua"
"HMCS_WEAPON_QTY","PresentationRead","Lua","Cockpit/Scripts/HMCS/HMCS_page.lua"
"HMCS_WEAPON_QTY","Write","Lua","Cockpit/Scripts/Systems/hmcs_system.lua"
"RADAR_CONTACT_01_AZIMUTH","Read","Lua","Cockpit/Scripts/Systems/radar_state_system.lua"
"RADAR_CONTACT_01_RANGE_SCALED","Read","Lua","Cockpit/Scripts/Systems/radar_state_system.lua"
"RADAR_GATE_RANGE_SCALED","Read","Lua","Cockpit/Scripts/Systems/radar_state_system.lua"
"RADAR_MODE","Read","Lua","Cockpit/Scripts/Systems/radar_state_system.lua"
"RADAR_STT_AZIMUTH","Read","Lua","Cockpit/Scripts/Systems/radar_state_system.lua"
"RADAR_STT_AZIMUTH_STAB","Read","Lua","Cockpit/Scripts/Systems/radar_state_system.lua"
"RADAR_STT_ELEVATION","Read","Lua","Cockpit/Scripts/Systems/radar_state_system.lua"
"RADAR_STT_ELEVATION_STAB","Read","Lua","Cockpit/Scripts/Systems/radar_state_system.lua"
"RADAR_STT_RANGE","Read","Lua","Cockpit/Scripts/Systems/radar_state_system.lua"
"RADAR_TDC_AZIMUTH","Read","Lua","Cockpit/Scripts/Systems/radar_state_system.lua"
"RADAR_TDC_RANGE_SCALED","Read","Lua","Cockpit/Scripts/Systems/radar_state_system.lua"
"RADARPOWER_STATE","ReadWrite","Lua","Cockpit/Scripts/Systems/radar_state_system.lua"
"RADARSTATE","Read","Lua","Cockpit/Scripts/Systems/cms_system.lua"
"RADARSTATE","ReadWrite","Lua","Cockpit/Scripts/Systems/radar_state_system.lua"
"WS_IR_MISSILE_LOCK","Read","Lua","Cockpit/Scripts/Systems/radar_state_system.lua"
"WS_IR_MISSILE_LOCK","Read","Lua","Cockpit/Scripts/Systems/weapon_system.lua"
"WS_IR_MISSILE_SEEKER_DESIRED_AZIMUTH","Read","Lua","Cockpit/Scripts/Systems/radar_state_system.lua"
"WS_IR_MISSILE_SEEKER_DESIRED_ELEVATION","Read","Lua","Cockpit/Scripts/Systems/radar_state_system.lua"
"WS_IR_MISSILE_TARGET_AZIMUTH","Read","Lua","Cockpit/Scripts/Systems/radar_state_system.lua"
"WS_IR_MISSILE_TARGET_AZIMUTH","Read","Lua","Cockpit/Scripts/Systems/weapon_system.lua"
"WS_IR_MISSILE_TARGET_ELEVATION","Read","Lua","Cockpit/Scripts/Systems/radar_state_system.lua"
"WS_IR_MISSILE_TARGET_ELEVATION","Read","Lua","Cockpit/Scripts/Systems/weapon_system.lua"
"WS_TARGET_RANGE","Read","Lua","Cockpit/Scripts/Systems/radar_state_system.lua"
